"accuracies","precisions","recalls","f1_scores"
0.8388314583966757,0.8479548430635386,0.8388314583966757,0.8391252580065016
0.7799027059896625,0.7911823241171068,0.7799027059896625,0.7805539964651461
0.8230845241714807,0.8270727762575589,0.8230845241714807,0.8235583257322387
0.8220811796898753,0.8302845007720328,0.8220811796898753,0.8227225778215143
0.8237255498125065,0.8334975062117005,0.8237255498125065,0.8251758629107881
0.8237255498125065,0.8334975062117005,0.8237255498125065,0.8251758629107881
