accuracies,precisions,recalls,f1_scores
0.9825757575757577,0.9843434343434343,0.9825757575757577,0.9827188787973101
0.9832167832167833,0.9846317425264793,0.9832167832167833,0.9831633525751172
0.975,0.9756944444444443,0.975,0.9750144927536232
0.9582497212931995,0.963066634928763,0.9582497212931995,0.9582368027059893
0.9663043478260869,0.9678683574879227,0.9663043478260869,0.966386642935842
0.9659420289855074,0.9705561045234958,0.9659420289855074,0.9662012823462099
