accuracies,precisions,recalls,f1_scores
1.0,1.0,1.0,1.0
1.0,1.0,1.0,1.0
0.9735177865612649,0.9745278875713659,0.9735177865612649,0.973616816072059
1.0,1.0,1.0,1.0
0.9745211310428701,0.9772554981250634,0.9745211310428701,0.9748043171437976
0.9745211310428701,0.9772554981250634,0.9745211310428701,0.9748043171437976
