accuracies,precisions,recalls,f1_scores
0.9913043478260869,0.9921739130434784,0.9913043478260869,0.9913721501822188
1.0,1.0,1.0,1.0
0.9826086956521738,0.9826086956521738,0.9826086956521738,0.9826086956521738
0.9829710144927537,0.9845350241545894,0.9829710144927537,0.9830533096025086
0.9738801054018446,0.976355009724575,0.9738801054018446,0.9740028455580122
0.9738801054018446,0.976355009724575,0.9738801054018446,0.9740028455580122
